{"cameraMode":{"drawMode":0,"name":"Shaded","section":"Shading Mode"},"sceneLighting":false,"audioPlay":false,"sceneViewState":{"showFog":true,"showMaterialUpdate":false,"showSkybox":true,"showFlares":true,"showImageEffects":true,"showParticleSystems":true},"in2DMode":false,"pivot":{"x":15.890735626220704,"y":-4.271263599395752,"z":-0.4899420738220215},"rotation":{"x":0.2275059074163437,"y":-0.3724932372570038,"z":0.09471646696329117,"w":0.8947176337242127},"size":9.390289306640625,"orthographic":false}